[
  {
    "code": "NETFLIX_PRIVATE",
    "name": "Netflix Private 5 Profil",
    "price": 120000,
    "desc": "Garansi sesuai durasi",
    "accounts": [],
    "stock": 0
  },
  {
    "code": "DISNEY_PLUS",
    "name": "Disney+ Hotstar",
    "price": 30000,
    "desc": "Garansi sesuai durasi",
    "accounts": [],
    "stock": 0
  },
  {
    "code": "CANVA",
    "name": "Canv Pro",
    "price": 100,
    "desc": "...",
    "accounts": [
      {
        "email": "e@x.com",
        "password": "pwd",
        "desc": "slot 1",
        "used": false
      }
    ],
    "stock": 1
  }
]