{
  "940581542": {
    "chatId": 940581542,
    "username": "voraksstore",
    "firstName": "Admin V",
    "lastName": null,
    "balance": 995000,
    "transactions": [
      {
        "type": "ADD",
        "amount": 1000000,
        "note": "Top up via admin - Request #REQ_1761588092011_0xx60x",
        "balanceAfter": 1000000,
        "createdAt": "2025-10-27T18:02:39.523Z"
      },
      {
        "type": "REDUCE",
        "amount": 5000,
        "note": "Pembelian Vcc Indo - Spotify 1pcs x1",
        "balanceAfter": 995000,
        "createdAt": "2025-10-27T18:03:21.988Z"
      }
    ],
    "createdAt": "2025-10-27T15:37:25.248Z",
    "lastActive": "2025-10-27T18:03:21.987Z"
  },
  "1958854458": {
    "chatId": 1958854458,
    "username": "putrir0sul",
    "firstName": "Tri",
    "lastName": null,
    "balance": 495000,
    "transactions": [
      {
        "type": "ADD",
        "amount": 500000,
        "note": "Top up via admin - Request #REQ_1761588536638_ep45ds",
        "balanceAfter": 500000,
        "createdAt": "2025-10-27T18:11:44.158Z"
      },
      {
        "type": "REDUCE",
        "amount": 5000,
        "note": "Pembelian Vcc Indo - Cursor 1pcs x1",
        "balanceAfter": 495000,
        "createdAt": "2025-10-27T18:12:56.864Z"
      }
    ],
    "createdAt": "2025-10-27T18:06:02.551Z",
    "lastActive": "2025-10-27T18:12:56.862Z"
  },
  "7722005116": {
    "chatId": 7722005116,
    "username": null,
    "firstName": "Ratih",
    "lastName": null,
    "balance": 0,
    "transactions": [],
    "createdAt": "2025-10-27T15:41:38.951Z",
    "lastActive": "2025-10-27T15:41:42.269Z"
  }
}